{"epoch": 49, "test_loss": 0.3438153862953186, "avg_accuracy": 89.16666666666667}