{"epoch": 49, "test_loss": 0.36097973585128784, "avg_accuracy": 90.83333333333333}