{"epoch": 1, "test_loss": 0.7643612410340991, "avg_accuracy": 65.4755675309799}