{"epoch": 24, "avg_loss": 0.7899497151374817, "avg_accuracy": 66.7000546704155}